id,text
0,Just happened a terrible car crash
2,"Heard about #earthquake is different cities, stay safe everyone."
3,"there is a forest fire at spot pond, geese are fleeing across the street, I cannot save them all"
9,Apocalypse lighting. #Spokane #wildfires
11,Typhoon Soudelor kills 28 in China and Taiwan
12,We're shaking...It's an earthquake
21,"They'd probably still show more life than Arsenal did yesterday, eh? EH?"
22,Hey! How are you?
27,What a nice hat?
29,Fuck off!
30,No I don't like cold!
35,NOOOOOOOOO! Don't do that!
42,No don't tell me that!
43,What if?!
45,Awesome!
46,Birmingham Wholesale Market is ablaze BBC News - Fire breaks out at Birmingham's Wholesale Market http://t.co/irWqCEZWEU
47,@sunkxssedharry will you wear shorts for race ablaze ?
51,#PreviouslyOnDoyinTv: Toke Makinwa™?š?™?s marriage crisis sets Nigerian Twitter ablaze... http://t.co/CMghxBa2XI
58,Check these out: http://t.co/rOI2NSmEJJ http://t.co/3Tj8ZjiN21 http://t.co/YDUiXEfIpE http://t.co/LxTjc87KLS #nsfw
60,"PSA: I™?š?™?m splitting my personalities.

?? techies follow @ablaze_co
?? Burners follow @ablaze"
69,beware world ablaze sierra leone &amp; guap.
70,Burning Man Ablaze! by Turban Diva http://t.co/hodWosAmWS via @Etsy
72,Not a diss song. People will take 1 thing and run with it. Smh it's an eye opener though. He is about 2 set the game ablaze @CyhiThePrynce
75,Rape victim dies as she sets herself ablaze: A 16-year-old girl died of burn injuries as she set herself ablaze™?š?_ http://t.co/UK8hNrbOob
84,SETTING MYSELF ABLAZE http://t.co/6vMe7P5XhC
87,@CTVToronto the bins in front of the field by my house wer set ablaze the other day flames went rite up the hydro pole wonder if it was him
88,#nowplaying Alfons - Ablaze 2015 on Puls Radio #pulsradio http://t.co/aA5BJgWfDv
90,'Burning Rahm': Let's hope City Hall builds a giant wooden mayoral effigy 100 feet tall &amp; sets it ablaze. http://t.co/kFo2mksn6Y @John_Kass
94,@PhilippaEilhart @DhuBlath hurt but her eyes ablaze with insulted anger.
99,Accident cleared in #PaTurnpike on PATP EB between PA-18 and Cranberry slow back to #traffic http://t.co/SL0Oqn0Vyr
101,Just got to love burning your self on a damn curling wand... I swear someone needs to take it away from me cuase I'm just accident prone.
103,I hate badging shit in accident
106,#3: Car Recorder ZeroEdgeš?™? Dual-lens Car Camera Vehicle Traffic/Driving History/Accident Camcorder  Large Re... http://t.co/kKFaSJv6Cj
108,Coincidence Or #Curse? Still #Unresolved Secrets From Past http://t.co/7VG8Df9pLE #accident
111,@Traffic_SouthE @roadpol_east Accident on A27 near Lewes is it Kingston Roundabout rather than A283
115,@sakuma_en If you pretend to feel a certain way the feeling can become genuine all by accident. -Hei (Darker than Black) #manga #anime
116,For Legal and Medical Referral Service @1800_Injured Call us at: 1-800-465-87332 #accident #slipandfall #dogbite
122,There's a construction guy working on the Disney store and he has huge gauges in his ears ?? ...that is a bloody accident waiting to happen
123,@RobynJilllian @WlSDOMTEETHS I feel like I'm going to do it on accident. Teesha is gonna come out??
124,On the #M42 northbound between junctions J3 and J3A there are currently delays of 10 mins due to an accident c... http://t.co/LwI3prBa31
125,@DaveOshry @Soembie So if I say that I met her by accident this week- would you be super jelly Dave? :p
127,ACCIDENT - HIT AND RUN - COLD at 500 BLOCK OF SE VISTA TER GRESHAM OR [Gresham Police #PG15000044357] 10:35 #pdx911
140,@Calum5SOS this happened on accident but I like it http://t.co/QHmXuljSX9
142,Please donate and spread the word! A training accident left the pole-vaulter Kira Grš?_nberg a paraplegic http://t.co/6MpnyCl8PK
147,Please like and share our new page for our Indoor Trampoline Park Aftershock opening this fall!! http://t.co/UgXhHErrxS
148,@bxckylynch foi no ROH Aftershock: Las Vegas procura no pirate bay que tem
150,"Schoolboy ™?š?š? Aftershock (Original Mix)
Excision &amp; Skism ™?š?š? SEXisM (Far Too Loud Remix)
Firebeatz Schella ™?š?š? Dear New... http://t.co/JQLzUA6YzQ"
152,320 [IR] ICEMOON [AFTERSHOCK] | http://t.co/THyzOMVWU0 | @djicemoon | #Dubstep #TrapMusic #DnB #EDM #Dance #Ices™?š?_ http://t.co/83jOO0xk29
154,'When the aftershock happened (Nepal) we were the last int'l team still there; in a way we were 1st responders.' Chief Collins @LACo_FD
155,320 [IR] ICEMOON [AFTERSHOCK] | http://t.co/gRPeF7yAWG | @djicemoon | #Dubstep #TrapMusic #DnB #EDM #Dance #Ices™?š?_ http://t.co/GGmvzT58vE
166,Stop saying 'I Wish' and start saying 'I Will'. ™?š?š? Unknown
167,I want to go to Aftershock in October because it has all the bands I listen to and #NXT! Can't afford it yet though. #gradschoolapps
169,'We are still living in the aftershock of Hiroshima people are still the scars of history.' - Edward Bond http://t.co/engTl5wrGp
177,320 [IR] ICEMOON [AFTERSHOCK] | http://t.co/THyzOMVWU0 | @djicemoon | #Dubstep #TrapMusic #DnB #EDM #Dance #Ices™?š?_ http://t.co/83jOO0xk29
179,Aftershock https://t.co/Ecy4U623nO
181,'There is no victory at bargain basement prices.' Dwight David Eisenhower
186,Bo2 had by far the best competitive maps imo hope bo3 is the same #InVahnWeTrust
188,Brass and Copper in Cataclysm &amp; AfterShock!!! http://t.co/uxYZyaygTy
189,@JadeForMKX You should be happy I don't use Aftershock. That variation counters your play style hard.
192,Aftershock https://t.co/38Nhq9moEf
200,When carelessness leads to an aviation accident the victim has the right to seek compensation for damages. http://t.co/eqAG6rz1vO
202,@rewind_music found out about you guys today(regarding the accident on the airplane lol) &amp; became a fan! Sending love &amp; support from Cali~?
206,A girl who died in an airplane accident fifteen years ago
207,@Mintechan Hihow are you? There is Keio line on the stationright? BTW do you know the airplane accident near Chofu airport this week?
214,Mexican airplane accident in Ocampo Coahuila MX on 7/29/25 killed Coahuila government SubSecretariat Francisco Garcia Castells age 42.
217,Horrible Accident  Man Died In Wings of Airplaneš?š?(29-07-2015) http://t.co/5ZRKZdhODe
223,@god if an accident were to happen on this airplane idc if the rest of my luggage is completely destroyed just please save my makeup
224,Horrible Accident Man Died In Wings of Airplane (29-07-2015) http://t.co/hG8u2kR1Rq
227,#UPDATE: Picture from the Penn Twp. airplane accident. http://t.co/6JfgDnZRlC
228,"See how a judge ruled in this 2009 accident at #JFK Airport? involving Korean Air?.

http://t.co/Yh1cGlN3rl http://t.co/6F5ShPKjOB"
230,@thugIauren I had myself on airplane mode by accident ??
233,36 years ago today baseball lost one of its greats in an airplane accident. RIP Captain. #Yankees @yankees http://t.co/iNKU28vjJj
234,Experts in France begin examining airplane debris found on Reunion Island: French air accident experts on Wedn... http://t.co/miw2i0pQxz
236,#BreakingNews Experts in France begin examining airplane debris found on Reunion Island: French air accident e...  http://t.co/3XIcUvlvlJ
239,Experts in France begin examining airplane debris found on Reunion Island: French air accident experts on Wedn...  http://t.co/KuBsM16OuD
250,Twelve feared killed in Pakistani air ambulance helicopter crash http://t.co/zdsug0UjS7
255,http://t.co/Q5XTkaKM08 I'M DYING SEND AN AMBULANCE @M__Belly @brightasastar_
257,AMBULANCE SPRINTER AUTOMATIC FRONTLINE VEHICLE CHOICE OF 14 LEZ COMPLIANT | eBay http://t.co/7X3PDDbT0Z
259,@disneyxrowbrina the ambulance isn't even parked well like its nearly on top of someone's car I'm laughing
275,Shot 12 times. Found dead in cuffs after being involved in a car accident. Officers told ambulance not to treat him. https://t.co/MEUDJwaaNg
278,@margaretcho Call me a fag and I'm going to call you an ambulance :) #RainbowPower
282,New Nanotech Device Will Be Able To Target And Destroy Blood Clots http://t.co/MnmyJXQ9go #science
284,@vballplaya2296 want me to send you  some medic supplies from my dad's ambulance?
286,2 held with heroin in ambulance http://t.co/d9sOwi1G21 http://t.co/OPxmdPIwAu
288,http://t.co/B2FaSrt1tN Twelve feared killed in Pakistani air ambulance helicopter crash http://t.co/O8BJXnEPQm
292,Why should a helicopter ambulance ride to transfer to a hospital 21 miles away cost $29800? http://t.co/7ZqIreY7Te http://t.co/9Qp3PqPwZv
295,so privileged and proud to wear this uniform.?? #NHS #Ambulance #GayUK #Uniform #Proud #Privileged #WhatsYourEmergency http://t.co/0BkmuhYSFx
300,The bartender at work described a drunk man as annihilated @kdunning1919 @hsnowberger @gabrielasmith29. 16 more days
304,Cop pulls drunk driver to safety SECONDS before his car is hit by train. http://t.co/cTL5xzIHxAš?š? http://t.co/1kDOZTD9mv via @ViralSpell
305,Cop pulls drunk driver to safety SECONDS before his car is hit by train. http://t.co/cSsc8HcsXnš?š? http://t.co/jBlGyLCsAy via @ViralSpell
306,@RosieGray Now in all sincerety do you think the UN would move to Israel if there was a fraction of a chance of being annihilated?
308,@johnboywest The only 'stage' the drama queen can stand on is a drama stage &amp; certainly never the world stage; he would be annihilated.
311,"@_drodrolagi #handplacementgoals 
Bro we annihilated that hashtag this week."
317,How do I step outside for 5 seconds and get annihilated  by mosquitoes?
319,@jacksfilms #yiayplan well first we strike dreamworks and the minions will be annihilated.
323,'If your nature appropriates it love will burn you until you become annihilated in your beloved...'  https://t.co/sMlwjunD09
324,@NinaHoag - 'if you shred my Psych work our friendship would be annihilated'
325,@thehill this is 1 example of y the Conservatives annihilated Burton v Wiimington Prkng Auth while Liberals stood by &amp;have done nothing
326,"Aug 3 1915™?š?š?KAISERJAEGERS WIPED OUT.; Francis Joseph's Crack Regiment Annihilated on Carso Plateau.
http://t.co/D1sPSwl66H"
333,They should all die! All of them! Everything annihilated!
339,BROOO HE JUST GOT ANNIHILATED https://t.co/UR7QkqG1wf
342,@AlbertBreer he was probably annihilated needed his DD
343,$GMCR no longe rGreen mountain now Red Mountain...stock annihilated after hours
350,Please sign &amp; RT to save #SaltRiverWildHorses http://t.co/GB8ispiaRP http://t.co/Bx0l87iNc8
351,"Allied Plans for the Annihilation of the German People http://t.co/RUHxGlo18q
http://t.co/HbUpkzWdWq
Louis Nizer - Very interesting..."
357,Please share and sign this petition to save wild horses in Arizona. http://t.co/3tsSXPHuFE
359,U.S National Park Services Tonto National Forest: Stop the Annihilation of the Salt River Wild Horse... https://t.co/lATVr8RZCK via @Change
362,NEW! Are souls punished with annihilation? http://t.co/cmNV6VyFCQ
366,***Latest Updates on the Salt River Wild Horse Round-up*** https://t.co/WJsCdvCevH via @Change
367,U.S National Park Services Tonto National Forest: Stop the Annihilation of the Salt River Wild Horse... https://t.co/W5Rhtuey90 via @Change
369,U.S National Park Services Tonto National Forest: Stop the Annihilation of the Salt River Wild Horse... https://t.co/ZhXua8kmae via @Change
373,@BosTeenAuthFest Out of the Silent Planet in print and Annihilation on audio.
374,RT SIGN URGENT Stop the Annihilation of the Salt River Wild Horses!!! #savewildhorses #saltriverhorses https://t.co/8AZjFF8eSi
376,@jackienatalydlt I do.... I only get the iced annihilation??
377,U.S National Park Services Tonto National Forest: Stop the Annihilation of the Salt River Wild Horse... https://t.co/d82wlcP49S via @Change
378,U.S National Park Services Tonto National Forest: Stop the Annihilation of the Salt River Wild Horse... https://t.co/KAlDycTC4H via @Change
379,"@INCIndia under Sonia Gandhi is like Pakistan. Every defeat is treated like a victory.Total annihilation only answer
http://t.co/KtTYiTOw64"
382,U.S National Park Services Tonto National Forest: Stop the Annihilation of the Salt River Wild Horse... http://t.co/TrKg2tpWJm via @Change
385,U.S National Park Services Tonto National Forest: Stop the Annihilation of the Salt River Wild Horse... http://t.co/k0q4fnBzss via @Change
387,Stop the Annihilation of the Salt River Wild Horses!!! https://t.co/546utTXzAm via @Change
388,U.S National Park Services Tonto National Forest: Stop the Annihilation of the Salt River Wild Horse... https://t.co/FLcQQeZnVW via @Change
391,U.S National Park Services Tonto National Forest: Stop the Annihilation of the Salt River Wild Horse... https://t.co/FaXDzI90dY via @Change
392,U.S National Park Services Tonto National Forest: Stop the Annihilation of the Salt River Wild Horse... https://t.co/n6VeOjW3S8 via @Change
395,U.S National Park Services Tonto National Forest: Stop the Annihilation of the Salt River Wild Horse... https://t.co/i0z3k0chgg via @Change
399,@spherulitic that almost feels like the SI signs of the apocalypse.  Lol.
400,I liked a @YouTube video from @teamtwiistz http://t.co/OCurjyDRcn FUTURISTIC HOUSE (Built To Survive The Apocalypse!) - Minecraft
403,I liked a @YouTube video http://t.co/jrFjgaAc9F Minecraft: NIGHT LUCKY BLOCK MOD (BOB APOCALYPSE WITHER 2.0 &amp; MORE!) Mod Showcase
405,@thomasa56 Just ONE of my major reasons not to live in *Big City*. If RR's *miss 9 meals* ever comes to pass Cue ANY 'Apocalypse' script.
408,#AskConnor there's a zombie apocalypse. the item to your right is your weapon. you're either screwed or you're gonna live.
411,It's an apocalypse
414,@ItsKingRiffYall I'm excited for apocalypse really dig how the x-men franchise is going I like the 'event' theme a lot.
416,@TMFK_CO sounds like a terrible time. I'll be right there.
417,"Apocalypse no! Why artists should not go into the #Fukushima exclusion zone 
http://t.co/3zqL0qbLUw
#nuclear #ura"
422,Southern Prepper Fiction:Sharecropping the Apocalypse https://t.co/HsleABS1Yr #Apocalyptic #doomsday #prepper #book #reading
425,@5SOStag honestly he could say an apocalypse is coming and i would be exited hes so enthusiastic about everything
428,Also my other nephew is proof that fat babies are going to save us from the apocalypse http://t.co/N5VImOqhBG
430,I liked a @YouTube video http://t.co/2umSxRzot3 Zombie Apocalypse: The Rescue
431,I added a video to a @YouTube playlist http://t.co/OCurjyDRcn FUTURISTIC HOUSE (Built To Survive The Apocalypse!) - Minecraft Maps
433,|LIVE NOW| Princes of the Apocalypse:  D&amp;D Encounters #meerkat http://t.co/oY9ES9FVlt
434,I liked a @YouTube video http://t.co/e89GPNEPzT Minecraft: NIGHT LUCKY BLOCK MOD (BOB APOCALYPSE WITHER 2.0 &amp; MORE!) Mod Showcase
439,OMg zombie apocalypse among my students... -___-
441,I liked a @YouTube video http://t.co/uJrIaIVqln Minecraft: NIGHT LUCKY BLOCK MOD (BOB APOCALYPSE WITHER 2.0 &amp; MORE!) Mod Showcase
449,UNIVERSAL ORDER OF ARMAGEDDON http://t.co/3tY4mGm
458,Patent Pending Stream 'Armageddon' EP http://t.co/BOuaJqi3Lf
460,ARMAGEDDON LONDON  |  http://t.co/CULU2OwIUc
464,@hitchBOT I heard you might rise from the ashes of Armageddon. .go hitchbot ..like the true superstar you are.
473,#Turkey invades #Israel - Halfway to #Armageddon http://t.co/xUOh3sJNXF
488,Remember to crowd around the baggage carousel like it's armageddon and the bags are the last remaining food items on earth you animals.
491,"Never compromise. not even in the face of armageddon.
#Watchmen"
494,"#MustRead: Vladimir #Putin Issues Major Warning But Is It Too Late To Escape Armageddon? by @PCraigRoberts #US #Rus
http://t.co/5GFhfCIjrF"
497,"You da One 

#MTVSummerStar #VideoVeranoMTV  #MTVHottest Britney Spears Lana Del Rey"
500,If you build an army of 100 lions and their leader is a dog in any fight the lions will die like a dog.
505,One Direction Is my pick for http://t.co/q2eBlOKeVE Fan Army #Directioners http://t.co/eNCmhz6y34 x1421
507,SHARK ARMY Black Date Stainless Steel Quartz Men Sport Watch - Full read by eBay http://t.co/k6OzC4wFQd http://t.co/H2ZC4nTdZN
508,12.Beyonce Is my pick for http://t.co/thoYhrHkfJ Fan Army #Beyhive http://t.co/WvJ39a3BGM
510,5 Seconds of Summer Is my pick for http://t.co/EFC3896Qgr Fan Army #5SOSFAM http://t.co/aSpwke1YnK
511,Beyonce Is my pick for http://t.co/nnMQlz91o9 Fan Army #Beyhive http://t.co/o91f3cYy0R 67
515,VICTORINOX SWISS ARMY DATE WOMEN'S RUBBER MOP WATCH 241487 http://t.co/q6VCJaTfjx http://t.co/m1cpEw7kbh
525,Hope the Salvation Army at least gave you a tax receipt.  https://t.co/Ir9c545rZy
529,One Direction Is my pick for http://t.co/q2eBlOKeVE Fan Army #Directioners http://t.co/eNCmhz6y34 x1431
532,One Direction Is my pick for http://t.co/q2eBlOKeVE Fan Army #Directioners http://t.co/eNCmhz6y34 x1435
534,One Direction Is my pick for http://t.co/q2eBlOKeVE Fan Army #Directioners http://t.co/eNCmhz6y34 x1415
537,Check out more data on Upper Wabash reservoirs here on @LouisvilleUSACE site: http://t.co/hqqLQUqZmD
539,"ANSWER:
'Therefore it came to pass that in my sixteenth year I did go forth at the head of an army of the... http://t.co/uuAAsb394n"
541,One Direction Is my pick for http://t.co/q2eBlOKeVE Fan Army #Directioners http://t.co/eNCmhz6y34 x1424
545,5 Seconds of Summer Is my pick for http://t.co/qcHV3JqOVK Fan Army #5SOSFAM http://t.co/gc0uDfnFgg š?š?2
547,Cheesehead Report - Arson charges filed in Jackson County house fire http://t.co/I3Y1ZWjBzO
548,Arson suspect linked to 30 fires caught in Northern California http://t.co/z8tlcAdKOw
549,Israeli police unable to solve the case of Duma arson attack http://t.co/WtZgXzaf7Z
553,"SHOCK REPORT: Muslims Setting Wildfires Across American West...Arson Jihad!

http://t.co/92F4nKxjIu"
554,@pnuts_mama Be strong. It's at times like this that arson happens. Push thru past the felony stage.
555,#BreakingNews Mourning notices for stabbing arson victims stir ™?š?šúpolitics of grief™?š?™? in Israel: Posters f... http://t.co/KTKDrGVHgX #rome
557,Mourning notices for stabbing arson victims stir ™?š?šúpolitics of grief™?š?™? in Israel: Posters for Shira Banki and A... http://t.co/WbCtkGGTY9
562,RT @an_opus: Elliott will be on probation for two years and will have to pay fines up to $1179.  http://t.co/72bcyfbTj3
566,RT Saginaw - Police sketches of 2 'persons of interest' in Saginaw arson http://t.co/a2tZJ07nId http://t.co/LvtP5MHjaG
572,Fire That Destroyed Charlton Winery Ruled To Be Arson http://t.co/4a9l0jrMYB
573,WEHTWTVWlocal: Trial date set for man charged with arson burglary. https://t.co/eUk7lKS11r
582,Man charged in connection to Shawnee arson and burglary: OLATHE Kan. ™?š?š? A man was in court Wednesday accused of™?š?_ http://t.co/zcXmQoKtZ1
586,960KZIM: Steele police arrest 2 in possible arson investigation https://t.co/w6ZbWryqjC
587,@Vixuhn rip arson
590,Arson suspect linked to 30 fires caught in Northern California http://t.co/HkFPyNb4PS
591,RT @TheAdvocateMag: Owner of Chicago-Area Gay Bar Admits to Arson Scheme http://t.co/wHTMwtgROJ #p2 #LGBT
593,#LGBTQ News ?? Owner of Chicago-Area Gay Bar Admits to Arson Scheme: Frank Elliott pleaded... http://t.co/sGb9vNWqUx Via @TheAdvocateMag
595,Mourning notices for stabbing arson victims stir ™?š?šúpolitics of grief™?š?™? in Israel: Posters for Shira Banki and A... http://t.co/6o92wDfcLu
596,Contra Costa Co. authorities arrest suspected serial arsonist: Authorities believe that™?š?_ http://t.co/bzCmzM7bi5 | http://t.co/LBQldyKgdp
597,Owner of Chicago-Area Gay Bar Admits to Arson Scheme: Frank Elliott pleaded guilty to hiring an arsonist to to... http://t.co/L82mrYxfNK
601,@local_arsonist @Cloudy_goldrush Man what ???? they be on some other shit
602,mo the way she says 'carry' https://t.co/vQzRUTHRNU
605,Arsonist Sets NYC Vegetarian Restaurant on Fire: Police #NewYork - http://t.co/agn4cL4uSK
610,Arsonist torches a house himself and his getaway vehicle police say - Surrey Leader http://t.co/q0J5lTVD6k @RichardGEarl
616,@Safyuan i already threw away the letter tho
618,Hotel arsonist who caused š?™œ70000 damage was ™?š?šúcrying for help™?š?™?: An arsonist has been jailed after a court hear... http://t.co/HNGDdBhewa
620,suspected serial arsonist in east bay under arrest @christinKPIX5 @NightBeatTV 10pm @KBCWtv @VeronicaDLCruz
626,ARSONIST Mc - CHRIST WALK http://t.co/D8LQHiGjT0 #Toronto #Columbus #Gospel
627,@Gay4BB bitch dont get slapped
629,@trap_vodka my new fave vine
632,Suspected serial arsonist arrested in NorCal http://t.co/Dty4t75CGu http://t.co/MjxbygejyL
634,Surveillance Video Captures Man Removing American Flag From Long Beach Home ... - KTLA http://t.co/g0o9wiAgHu
639,Serial arsonist gets no bail not jail release http://t.co/rozs6aumsS
645,Arson suspect linked to 30 fires caught in Northern California https://t.co/emsXyWp5s5
647,Delhi government to provide free treatment to acid attack victims in private hospitals #AAPatWork http://t.co/xjtp8SBpt3
648,I'm going into a panic attack
650,End the Innovation Catch-22: Reduce the Attack Surface http://t.co/Gj4SSEhk1D #INDUSTRYINSIGHTS #mcgsecure
663,@RealTwanBrown Yesterday I Had A Heat Attack ???? And What's Funny Our Relationship ??? Or Our Snapchat
666,Texas™?š?™?s Gratuitously Cruel Attack On A Dying Gayš?š?Man http://t.co/retdjqyCuB
668,Cooper the Super Pooper. The hero dog who saved me from drowning and detected my heart attack before I knew it. The™?š?_ http://t.co/hzzADcnhFF
670,Double ebony attack http://t.co/33V0RLlrKf #Black-haired #Blowjob http://t.co/t7TG3nRBje
673,Suspect in latest US theatre attack had psychological issues http://t.co/TvsvjuAVif http://t.co/npovfR4rGo
676,#People #Tilly the #Confused Cat Overcomes Horrible Attack to Win Hearts http://t.co/QtrsYxFzo3
678,To love you love you love you ...  Massive Attack - Angel (HD) https://t.co/9TW34Gffox vš?_a @YouTube
692,@Sunnyclaribel. how many of @DPJHodges articles just attack labour or defend conservatives? see for yourself: http://t.co/shAAIjO2ZC
693,RT: @rt_com :Tory attack on Freedom of Information is ™?š?šúassault on govt accountability™?š?™? ™?š?š? Liberty http://t.co/UNmTOnz5c5 http://t.co/GTSbvveF
694,It's weird I had a near panic attack &amp; wanted to write her™?š?_ walked into the bathroom at work and nearly cried. Dreadfully miss her.
695,#porn #nsfw: Blacks attack for white married slut http://t.co/zRngKh5d8H
696,Cop injured in gunfight as militants attack Udhampur police post: Suspected militants attacked a police post i... http://t.co/ERW7FdxnCr
698,Newcastle: Schoolgirl attacked in Seaton Delaval park by 'pack of animals' led by a former friend http://t.co/4xbrVNib9T #newcastle
701,Aus need career best of @davidwarner31 along with Steve smith to even try competing.. SURA virus has attacked team Australia brutally
703,Christian Attacked by Muslims at the Temple Mount after Waving Israeli Flag via Pamela Geller - ... http://t.co/ajMtU7EHy2
707,Christian Attacked by Muslims at the Temple Mount after Waving Israeli Flag via Pamela Geller - ... http://t.co/OGoyzOlJk5
708,Tennessee man killed by police attacked family with hatchet: 911š?š?call http://t.co/pWiw9q30DT
711,Christian Attacked by Muslims at the Temple Mount after Waving Israeli Flag via Pamela Geller - ... http://t.co/RICbduIACc
715,Christian Attacked by Muslims at the Temple Mount after Waving Israeli Flag via Pamela Geller - ... http://t.co/zb8vVBiSY4
718,I attacked Robot-lvl 1 and I've earned a total of 16000 free satoshis! http://t.co/2PZcXSkNCg #robotcoingame #Bitcoin #FreeBitcoin
722,"That 'attitude problem' is a result of constantly being belittled bashed attacked &amp; demoralized. 
FUCK YOU @HOT97"
723,I must've forgot the memo where getting attacked by a resident and receiving a concussion was funny
733,Christian Attacked by Muslims at the Temple Mount after Waving Israeli Flag via Pamela Geller - ... http://t.co/PuVOZi3Pa3
741,@LogitechG BUT THEN THE FIRE NATION ATTACKED....
742,Christian Attacked by Muslims at the Temple Mount after Waving Israeli Flag via Pamela Geller - ... http://t.co/7kxGS7VDFy
743,Metro Nashville Police - simply the best.   Thank you for protecting us.    911 call: http://t.co/ZWIG51QECF via @AOL
747,I was having such a peaceful happy Twitter experience ...then *AVALANCHE OF IDIOCY*!!!!!! https://t.co/iIR1v39THE
749,Car Receiving tube Installation for Avalanche Sound Output HHw
750,if this fucking is true i will be decapitated and throw my head into a avalanche  https://t.co/4cw6Nmmw1O
756,'One glance and the avalanche drops. One look and my heartbeat stops.' Oh WALK THE MOON how you get me.. I couldn't have said it better.
757,"Photo: #Repost @gregskazphotography with @repostapp. š?š?š?š?š?š? @rainierarms Avalanche Ambi Charging Handle... http://t.co/t3dK3OoV7e"
760,@cierranb5678 I was just there and my dad told me he would never let me get an Avalanche
764,As you can imagine I had plenty to talk about with a maths teacher from Liverpool of a similar age into music !
765,http://t.co/p5PnsRPH5G -RARE VINTAGE COLLECTABLE WINDRIVER AVALANCHE EDT 60ML SPRAY FOR MEN#Deals_UK http://t.co/wkZIYnyyrY
766,PLUS PERFORMANCE CHIP FUEL SAVER CHEVY SILVERADO/AVALANCHE/BLAZER/TAHOE http://t.co/eocKbeOGm0 http://t.co/cvjCidgEZ7
768,Dorion: Sens looking for consistency from Hoffman #ColoradoAvalanche #Avalanche http://t.co/msK68XoY7T http://t.co/ykWKx0QKtX
769,@Avalanche need anyone to carry your bag? ??
771,Musician Kalle Mattson Recreates 34 Classic Album Covers in Clever Music Video for 'Avalanche' http://t.co/97eWeUWybf
772,2 TIX 10/3 Frozen Fury XVII: Los Angeles Kings v Avalanche 216 Row:L MGM Grand http://t.co/qyCwho8guN
776,FC Maid Agency presents Musician Kalle Mattson Recreates 34 Classic Album Covers in Clever Music Video for... http://t.co/BObrp2qwCb
778,02 03 04 05 AVALANCHE 1500 REAR AXLE ASSEMBLY 2055271 http://t.co/VxZhZsAlra http://t.co/HmXWRkbLS0
780,Senators have another year to determine Hoffman's v... #ColoradoAvs #NHLAvalanche http://t.co/CIzZOc6f0D http://t.co/PEmYHD3Nfz
785,@Mano_twits @Kolaveriboy avast an avalanche of andals
789,Colorado Avalanche @ Anaheim Ducks 1-7 tickets 10/1 preseason http://t.co/XRU1WowZYG
792,@90sAngelicMalik listen to wtm avalanche and take a deep breath
793,Now there's an avalanche... These men are lunatics #livingontheedge
811,#environment Lone Pine trees growing across the country in remembrance of battle at Gallipoli 100 years ago: T... http://t.co/GJCAAnfCYk
813,@JackiSheaffer I have the same battle!
816,@exoticengram @TheRasputin That Raspy is so cool and he has already figured out TTK's battle shit.
821,I liked a @YouTube video from @sharpino1990 http://t.co/LU7dgOwtyl Pokš?™?mon Omega Ruby and Alpha Sapphire Wi-Fi Battle #05 cjs064 vs
824,After a long battle @Spurs Matt Bonner took care of Brian Scalabrine in knockout this after... (Vine by @NBA) https://t.co/Q3mGYRDHSF
825,I liked a @YouTube video from @screwattack http://t.co/W5dLLV48cs Knuckles punches into DEATH BATTLE!
827,"#LonePine remembered around Australia as 'descendants' grow via @666canberra #Gallipoli #WW1
http://t.co/bwadX8ywqN http://t.co/UPFjy88KvI"
830,FedEx no longer to transport bioterror germs in wake of anthrax lab mishaps #breakingnews
831,FedEx no longer to transport bioterror germs in wake of anthrax lab mishaps http://t.co/kA0syAhqVW via @usatoday
839,FedEx no longer to transport bioterror germs in wake of anthrax lab mishaps http://t.co/1CsEBhPLfh via @usatoday
844,Unsurprising/still dismaying consequences of how we went about securing pathogen access: http://t.co/D8EFmGyR2d
847,"FedEx no longer to transport bioterror germs in wake of anthrax lab mishaps

http://t.co/SjNKpJ8lEe

#watchcbs19 http://t.co/JiRXfok46c"
850,Latest fallout from biolab safety lapses: FedEx no longer will transport anthrax &amp; select agent research specimens http://t.co/4iOOyIbxyo
854,#FedEx no longer to transport #bioterror germs in wake of #anthrax lab mishaps http://t.co/Ziw1RWPJkK
855,FedEx stops shipping potential bioterror pathogens: FedEx Corp. (NYSE: FDX) will no longer deliver packages that™?š?_ http://t.co/CRD6tgIZhG
858,Citizens Education Project has acted for years as a watchdog on the Dugway Proving Grounds. http://t.co/NZHXYapLm0
861,FedEx no longer to transport bioterror germs in wake of anthrax lab mishaps http://t.co/L04Q4DKvue http://t.co/z5voujEus4
862,FedEx no longer will transport bioterror germs http://t.co/9lam19N5i5 via @USATODAY
865,In offbeat news @fedex has stopped shipping bioterror pathogens http://t.co/gvXXidHOlF
869,FedEx no longer to transport bioterror germs in wake of anthrax lab mishaps http://t.co/RghHkWtKLR #newsdict #news  #FedEx
879,Bioterrorism and Ebola. http://t.co/ORIOVftLK4 RT #STOPIslam #TCOT #CCOT #MakeDCListen #TeaParty
880,The largest bioterrorism attack on U.S. soil involved tacos @atlasobscura http://t.co/1n9CRhWmgl
887,Is it time to hedge against catastrophic risks such as climate change asteroid impacts or bioterrorism? https://t.co/HQ6WqsgSJX
889,@USCOURT If 90BLKs&amp;8WHTs colluded 2 take WHT F @USAgov AUTH Hostage&amp;2 make her look BLK w/Bioterrorism&amp;use her lgl/org IDis ID still hers?
897,Bioterrorism : Guidelines for Medical and Public Health Management (2002) http://t.co/zkUXHnoBaG http://t.co/FHgkYxffu5
900,@bbcworld Bioterrorism drones can reach large populated erea.
901,@BishoyRagheb fair. Bioterrorism is the way to go. Does that mean my BSc isn't irrelevant?
904,@DebtAssassin They forget there is the threat of bioterrorism.
908,HST's Anthony Kimery Discusses #BioTerrorism on @Syfy Channel's 'Joe Rogan Questions Everything' #Pathogen #Virus http://t.co/0FDsc3f2IW
909,Anthony Kimery Discusses #BioTerrorism on SyFy Channel's 'Joe Rogan Questions Everything' http://t.co/zckJWAcRCs
910,@HarvardU If 90BLKs&amp;8WHTs colluded 2 take WHT F @USAgov AUTH Hostage&amp;2 make her look BLK w/Bioterrorism&amp;use her lgl/org IDis ID still hers?
913,Uganda Seen as a Front Line in the Bioterrorism Fight
914,Ppl living w/ HIV have been charged with aggravated assault and bioterrorism for things w/ low or no risk of transmission. #HIVIsNotaCrime
917,Studying anthrax and bioterrorism before 7 am ?? #carpediem
918,@GACourts If 90BLKs&amp;8WHTs colluded 2 take WHT F @USAgov AUTH Hostage&amp;2 make her look BLK w/Bioterrorism&amp;use her lgl/org IDis ID still hers?
920,Bioterrorism: Guidelines for Medical and Public Health Management Donald A. Hen http://t.co/tDg0Bsmd6c http://t.co/iirWFZMKHO
922,To fight bioterrorism sir.
924,To fight bioterrorism sir.
925,@prsnvns that's good to hear. Mine could be better but I can manage. It's alright you do what you have to. Bioterrorism doesn't wait.
927,@mariashriver Was '@FultonInfo'Court trip 2 keep strangers-BLK&amp;WHT-from us'g my @SSAPress ID or 2 forfeit 2 them due 2 Bioterrorism look?@AP
933,@_AfroJazz I'll add you (i dont even know what you talking about)
937,I never got paid to give a fuck..we might as well blaze another one
943,@JuneSnowpaw Yeah Gimme dat creamy white stuff ;3
949,Your reaction determines that
950,Port Coquitlam fire crews say an electric towel warmer started the four alarm blaze last week that destroyed several businesses.
954,I liked a @YouTube video from @ashens http://t.co/yC9tywuzQm Blaze / Atgames Handheld Mega Drives | Ashens
966,Craving slurpees ;-;
967,Omg i need to go like yesterday ???? https://t.co/3oP6G7ovzO
969,@OVOIzic @BaddieMoneySign blaze it
970,Lithgow News: Homeless after blaze near Portland http://t.co/Cht5w3znIK
973,"@Blizzard_draco I saw

let's eat blaze @BlazinSmasher"
975,My big buzzy John BlaZe. Jus Kame home from a 12 year bid. #LoveThyFamily https://t.co/xrEuoNzzbi
980,Just cruisingblazing and banging ?
988,the bitches say im hot i say no bitch im blazing
989,@BryanVsBracey @uSTADIUM why do you need blazing speed? I think Watt is far more impressive that OBJ who is just another quick little guy
995,I checked in at Blazing Horse Tattoo on #Yelp http://t.co/z8nXWmYMWA
1000,"The midnight song I cry out goes 'In reality I... in reality I... was very lonely'
Even if it is erased by the blazing sun"
1003,Le Ever Blazing
1007,All packed and ready to go to meet @kkarmstrongg in Portugal tomorrow! Bring on blazing sunshine and fun times with the bestie! ??????
1011,"S3XLEAK!!!
Ph0tos of 19yrs old Ash@wo lady in Festac town from Delta exp0sed on BBM 5 leaked pictures... http://t.co/lUm4l65alz"
1012,Enjoying the shade under this tree. The sun is blazing but there is a cool breeze. @ West Hollywood Park https://t.co/2wzHj0lNa6
1013,HAPPENING NOW - FDNY RESCUE 1 BLAZING THRU@AND BLASTING THE AIR HORN™?š?_ https://t.co/bX6cwRt8M7
1014,Night 3 of insomnia this whole stop blazing shit is real
1016,Satelite Shot: Series of wildfires in Northern California continue blazing: There are at least five fire compl... http://t.co/BmGuHqY7W4
1019,#website #hosting Get blazing speeds professional management and unlimited options @nyndesigns http://t.co/d1F7wi7FMr
1025,"Come and join us Tomorrow!
August 7 2015 at Transcend:Blazing the Trail to the Diversified World of Marketing... http://t.co/Fd5od5PfCF"
1027,"S3XLEAK!!!
Ph0tos of 19yrs old Ash@wo lady in Festac town from Delta exp0sed on BBM 5 leaked pictures... http://t.co/2WUpSDttVi"
1028,@BlazingRoselia California is hot but not blazing even though there are wildfires going on now. Even the big massive Rocky fire
1030,Do people not understand they cant bleeding tweet everyone all the timedoes me head in 'stop ignoring me' they are hardly ignoring you+
1033,#Nepal: This house near TIA bleeding int™?š?™?l airline companies dry. | http://t.co/lI8wi1kuMY
1034,@Battlehork I wish I could watch but the gif the LU account posted of Mundo bleeding... Jesus! D:
1039,did leona lewis ever see that video of dinah singing bleeding love?
1046,@TomBrevoort 'Bleeding Cool as read by Tom Brevoort. Though he may just look at the pictures.'
1047,You cut me open and I keep bleeding. #BleedingLove #LeonaLewis #acapella #singer #canadiansinger™?š?_ https://t.co/51pfEIlPNK
1053,*Ears bleeding from the bass* https://t.co/d5RrrwHjpN
1055,@KrisZellner But Triplemania has the promise of Villano bleeding and Del Rio whooping that Trick Myztiziziziziz.
1056,Looks like Reynolds and Montano coming in. Need to stop the bleeding. Not the best performance so far.
1059,@imKanoMate [the stabbing did not really affect her but she did get stab wounds and was bleeding Skarlet then pushed him backwards +
1060,Yeah I hate cats I just tried to pet our own cat and now my hand has bite marks scratch marks and it's bleeding. #DogsAreBetterThanCats
1063,@Aichmomanic wraps a cloth on my wound but it's still bleeding 'I'll be ok.' Falls to the ground as if I'm going to die
1064,my ears are bleeding  https://t.co/EeVQj37Ndg
1068,@dudeandpal it's so bad my eyes and ears are bleeding
1076,wouldn't want me to quit even if I was bleeding
1086,@idkimnotfunny this quickly blew up and my mom doesn't get why it's so popular
1087,LMFAO MY SNAP JUST BLEW UP!
1089,Just blew you up @abbss_13 just so I can get that follow back ????
1092,@atlwtmgc damn this blew up
1095,Wow social media really blew up after the shania twain concert
1096,@cieIstea IDK BUT IT BLEW UP
1097,* I'm always one phone call away but too many people done blew up they chances with me.
1100,well this tweet blew up fast
1101,Well this blew up while i was sleeping
1107,@funnychubbyguy poor white guy his mom made him pizza and he wanted mac n cheese so he blew up a school. Such a sad story.
1108,Wow bro blew up quick. Believe it or not he's this funny and clever in person at all times. You be like 'where... http://t.co/djIHN95YnB
1111,@TokyoDotCom I didn't either till it blew up my mentions lol
1115,We were fucking around on Google maps at work and I pulled up Boise and it blew their minds. Yeah Idaho isn't what you think at all.?
1116,That stadium blew up!!
1121,The balloon thing was so rude I would have popped the balloon than whoever blew it up's face
1125,@TheFieryGrave yeah true because if he wouldn't have got exposed then he probably wouldn't have went to mlg and blew up there
1127,The only reason why player's now have an ego is cause MW3 had cod champs that's when eSports Blew up and now player's strictly look for ORGs
1131,THDA Kicks Off Anti-Blight Loan Effort in Memphis http://t.co/7Gf7CpYL0R
1133,.@WestmdCountyPA land bank targets first #Latrobe building in 20th property acquisition to fight #blight: http://t.co/regDv873Aj
1135,Lots of talk of how susceptible NY2 is to shoot blight with or without trama. #WCFGT2015
1137,Help fight Northern Corn Leaf Blight with Headline Amp https://t.co/LVoqPgkLI7
1140,@colemcfadyean fuck off cole ??????
1144,"Imagine if 2 Old Gods were awakened to start a Blight 2.0
@BioMarkDarrah @Mike_Laidlaw"
1147,Stamford tightens blight law: A dilapitated barn sits half-erect on Hickory Road near the int... http://t.co/QP65iO4AvC #stamford #topix
1148,Cleveland Heights Shaker Heights fight blight - http://t.co/qRnyme33TC via @clevelanddotcom
1150,Keep up the great work Councilman Brian O'Neill http://t.co/ueS3IhSyIq
1158,2:20 BLIGHT ?? EVERY DAY
1159,"@Michelgrabowy @vegetablefarmer INTERNET LOSER: I like to leave snide remarks.
ME: This person is a blight upon the face of the earth"
1161,ok. but important question: how are the inquisition fighting darkspawn and NO ONE gets the blight in the entire game
1163,Member Post: Norwalk blight ordinance said to be success as properties change hands http://t.co/ZDwmKQEYBn
1165,Time is ripe for yet another banana blight: The banana's appeal is not slipping. But the future of bananas is in™?š?_ http://t.co/StPS5mruXW
1169,"This is the Red Eye crossing the ocean
Peeling potatoes with servile devotion...

#BLIGHT!"
1171,#Detroit has made progress against blight but too many burned out shells of houses remain.
1172,@justin_fenton Per my Sun piece from last year I think this is the opposite of what should be done: Urban Blight should be monumentalized.
1176,I'm all for renewable energy but re: windfarms I do agree with Abbott - they are a horrible blight on the landscape https://t.co/UjYfRT77eJ
1180,Buying MoP http://t.co/tl7o6Zsqzy
1184,@LoneWolffur *slaps* no
1186,Literally for lunch i had cheese curds and for dinner i had a blizzard pls pray for my health
1187,Oh I see we are now tied?  Sweet!  It's all in the Blizzard
1192,Check out the #new #ebook on #sale by #TimZak 'The Lizard Stuck in a #Blizzard' #rhyming #kidsbook on #Amazon http://t.co/kVZuxdL4ij
1193,Deck building of my 4 year old daughter http://t.co/INnY1ANTam
1194,@EddieTrunk Blizzard of Ozz
1197,GUNNAR Optiks -Heroes of the Storm Siege Gaming Glasses - Onyx/Fire wow blizzard - Full re™?š?_ http://t.co/YEUQp0VKwU http://t.co/OuGM0yxQMo
1200,This game drove me to a rolo mini blizzard
1205,That horrible moment when u open up the dryer and it looks like a snowy blizzard cuz u left a piece of paper in your jeans pocket ??
1210,If blizzard did another 12 month sub thing and gave the next wow expo free would probaly knock their sub count up pretty fucking high
1216,the Internet is sending subliminal messages about ice cream therefore I need a blizzard rn
1220,Whoa! This new legend will be fun! http://t.co/hu5CmoupUM
1231,@Louis_Tomlinson if u relate to billie jean then ur gonna also enjoy blood on the dance floor so #BuyBloodOnTheDanceFloorOniTunes
1233,xoxoxxxooo : rutinaofficial NBCHannibal When #Hannibal asks will 'Have you seen blood in t™?š?_ http://t.co/T7ldlcyC9g http://t.co/JLRw0Oi9ee
1246,BRING ME THE HORIZON BLOOD STAINED GIANT ART PRINT PANEL POSTER NOR0603 http://t.co/u5ELKCA4CW http://t.co/tsGKlZZS0C
1247,I ain't a crip or a blood....I'm doin my own thing
1248,Bitch I'm a monster no good blood sucker
1255,/criess blood/ Golden Wook is life. http://t.co/Fhb99ciCeT
1256,'blood makes you related but loyalty makes you family' - @SirBeezAlot
1257,@youngthug Remind Me of Blood Sosa From Belly.....do your homework.
1258,The Yankees are the reason I'm on blood pressure medicine
1260,Why can't gay men donate blood? http://t.co/v2Etl8P9eQ http://t.co/NLnyzeljbw
1261,My new mashup of 'Bad Blood x Where Are U Now' comes out tomorrow!!! Make sure t... (Vine by @Shaylen_Carroll) https://t.co/zB6GZJLgkl
1265,1860 BLOOD'S PENNY POST Philly OCTAGONAL CDS 1š?š?š?™? Black 15L18 Grid Cancel + #26! http://t.co/rpV4MQSCQA http://t.co/JrjEiBUGsE
1266,seeing more blood and surgery than a regular GP behind a desk and they say dentists aren't  real doctors .... Ok
1268,Sometimes blood ain't no thicker than water and sometimes family will bring you down quicker than strangers ???????
1274,"Name: Chizu
Gender: Male
Age: 10
Hair: Red
Eyes: Pink
Dere Type: Pasokon
Blood Type: Type O
http://t.co/cOyPF9ACTd"
1281,The whole of New Zealand is shouting 'Bloody Marvellous'! John Campbell to join Radio NZ http://t.co/F88fCLiVzH #radionz
1285,Whats the bloody use of the bus app if everything has no prediction? No one driving bus today? http://t.co/zvGrM5PGZa
1286,@ashwilliams1 continues to be the best guest on @iLoveGGLetters. This week's episode is bloody outrageous.
1291,Too bloody hot in my room
1292,Im so bloody excited to see Maisy and Martha
1295,@JeremyClarkson buy a new one bloody ell
1299,@tomm3h You've been on Twitter since 2008?! Bloody hell. Veteran!
1306,Awful refereeing has ruined the balance of the game. Guy is a bloody mess #IMFC
1310,Just because of his 'precious lunch' ??? Bloody hell no brain issit??  https://t.co/X5dwKElReo
1311,I swear my eyes be bloody red but bitch I feel amazing.
1313,@ShtBallPlayrsDo are you anyway running your mouth about this bloody game? Pree sure you're not bigger then baseball. Calm the hell down
1314,Bloody nurses waking me up just when I eventually fall asleep lol #Hospital
1322,@halfpeachh @CaitlinCavanah I can't deal right now OMG WHO REMEMBERS BLOODY MARY? ????
1323,™?š?šúA Nightmare On Elm Street™?š?™? Is Getting Remade™?š?_ Again http://t.co/qaYGdzI9jQ via @bdisgusting
1325,BLOODY HELL TEEN WOLF *O* Hayden and Liam are so cute :3 And I think Stiles's Jeep is dead huh ? Pleeease... I loved her ! @MTVteenwolf
1329,Luckily I'm up cause if these Mexicans had came to cut this grass this early and I was sleep. I woulda had a full blown attitude
1330,If you bored as shit don't nobody fuck wit you... But when you busy yo shit get blown up! Smh
1333,"Yes they know you're an adultress.
And yes they HAVE #Killary emails.

Like the smoke being blown up ur azz?

#NSA

http://t.co/pNheTk8a0f"
1336,@SassyNreal Agreed. Whole thing has blown up in their faces right wrong or indifferent. The public is relentless court of public opinion
1339,I don't understand how White Iverson by Post Malone hasn't blown the fuck *UP* already.
1342,@KaylaG_Baby1 @jaykpurdy  no shush. I'm getting it blown up poster size. ??
1344,My license picture blown up is absolutely terrifying. http://t.co/0NVdzxQ2HF
1355,Deadly suicide bombing hits mosque in Saudi Arabia: A suicide bomber has blown himself up at a mosque in the s... http://t.co/RkvU3xjAzH
1357,My phone is being blown up rn ??
1358,@DodgersNation he was due to get blown up at least this is still a winnable game.
1359,Lock up your last remaining shred of manhood and accept that you™?š?™?re a full blown sissy http://t.co/ZN17ic99hb #fe™?š?_ http://t.co/u42luY3slS
1364,Get blown up with a delicious flavor of #BlowVape a strawberry cherry pop! Try it today for $15™?š?_ https://t.co/iT8rDItjFV
1366,We are now up to run no. 24 in the singles. The rain has blown off again.
1367,Damn! @LastWitchHunter has blown up my Twitter feed. Looks amazing!
1370,@MalikChaimaa I hope Zayn gets blown up in a drone attack whilst visiting family in Pakistan ??
1373,Coldwood is blown away by your support - they even hung up some of your art! http://t.co/uQWlnbJEYE http://t.co/MToWVqkSXC
1377,@bmrow At first thought it was a blown-up DVD as I'm pretty sure POST MORTEM had been years back.
1386,New Ladies Shoulder Tote Handbag Faux Leather Hobo Purse Cross Body Bag Womens - Full read™?š?_ http://t.co/Rpn6pXLPiB http://t.co/l6aYlVVDZ0
1387,Cute Soft Washed Fabric Camouflage Outdoor Shoulder Cross-body Bag Pack Purple Camouflage http://t.co/bxVFQqsIhC
1392,Cross Body Bag Purse Zippers Shoulder Bag Camouflage Camo  Phone Case Camera Case Wallet #wallet #wallets http://t.co/cq6XYhR3LV
1397,Louis Vuitton Monogram Sophie Limited Edition Clutch Cross body Bag - Full read by eBay http://t.co/YC2FYXiKBA http://t.co/Pv8wRAvNZQ
1398,"#3682 Nikon D50 6.1 MP Digital SLR Camera Body 2 batteries carry bag and charger http://t.co/TeT9q0kXvl

$200.00
™?š?_ http://t.co/h3XgoxTFfi"
1400,AUTH LOUIS VUITTON BROWN SAUMUR 35 CROSS BODY SHOULDER BAG MONOGRAM 7.23 419-3 - Full read™?š?_ http://t.co/8AzzJKBxnm http://t.co/xNgHnEtdvv
1403,Dracula Vampire Cross Body Small Shoulder Bag http://t.co/XPHTe7sb4X
1404,http://t.co/3d2h2wOQwa NEW! DIESEL WILLYT Printed Front Cross Body Shoulder Bag - One Size * /KSL 126
1410,New Ladies Shoulder Tote Handbag Women Cross Body Bag Faux Leather Fashion Purse - Full re™?š?_ http://t.co/cRQVl68aoX http://t.co/OFLvMMbfMk
1413,"#7294 Nikon D50 6.1 MP Digital SLR Camera Body 2 batteries carry bag and charger http://t.co/SL7PHqSGKV

$200.00
™?š?_ http://t.co/T4Qh2OM8Op"
1416,™?š?™?? New Ladies Shoulder Tote #Handbag Faux Leather Hobo Purse Cross Body Bag #Womens http://t.co/zujwUiomb3 http://t.co/sdvNAKZek4
1417,I would love to #win Suze's amazing filled #beauty #bag #giveaway! Contents from L'Occitane Body Shop &amp; Lavera. http://t.co/hEjJVVRsTY
1423,Pl. Parenthood Employee Laughs About Aborted Baby Body Parts 'All Mixed Up Together in a Bag' http://t.co/AIdGzPqfLL
1424,?? New Ladies Shoulder Tote #Handbag Faux Leather Hobo Purse Cross Body Bag #Womens http://t.co/zujwUiomb3 http://t.co/eDHjUjIuoB
1426,Photo: bonesymcbones: Beartooth - Body Bag (x) http://t.co/kNH4HLFuMa
1427,Two-Tone Cross-Body Smartphone Bag Only $15 Shipped! via Dian's Daily Deals - ** Two-Tone ... http://t.co/91LaZl2crV
1428,genuine Leather man Bag Messenger fit iPad mini 4 tablet case cross body air jp - Full rea™?š?_ http://t.co/Vl26HSrq4E http://t.co/ryl0Y88fKM
1430,@MeekMill I think its time you consulted @kendricklamar cause @Drake done body bagging you
1434,People are bagging on Rousey's body? Shit I'd love to have a body like that. Those who are ridiculing her are probably dudes in skinny jeans
1435,Bagging the last spot on Body Attack ?????? #getin #traintuesday #lesmills
1437,' Dear Lord Forgive Me For Body Bagging @MeekMill Not Once But Twice. Amen ' - @Drake http://t.co/dPBz1PYvFF
1438,@cameron13131313 @OtooleDalton @averywelch23 @otoole1055 first of all you can't 'hit stick' shit.. Second I'm body bagging you on sight ??????
1442,Drake is really body bagging meek atm
1446,I remember the halo interview with ABC. Wasn't no time and The Pamanian Devil was body bagging fools. https://t.co/CpK7300RQg
1451,Jersey's artist Wolfgangjoc pays homage to the late great Biggie Smalls by body bagging  his hypnotize beat.... http://t.co/x0jKnOxJHA
1457,Not only did Drake kill Meek Mill but he started T bagging his his dead body ????????????
1461,This man @zvch4 about to start body bagging these local jokal photographers
1462,Body bagging! https://t.co/HSlenz4KGU
1465,Drake is body bagging meek
1468,Body bagging that I think it's time to bring bags out
1469,We need to stop paying attention to @drizzy body bagging @Meekmill and worry bout what happen to #SandraBland
1471,I hear my up north niggas body bagging this but you never know. That got some spitters down south and™?š?_ https://t.co/XToioGtk2w
1476,Eish even drake killing niggas eish game is really watered down a singing nigga body bagging rappers.. smh
1478,@ESM_Campy and he used werewolf on me also idiota I was tea bagging your body for like 7 minutes while he was fighting someone else
1481,'Body Bags' (1993) Movie Review!: http://t.co/E1tdatSUcC via @YouTube
1489,@LennGoneWin nah man we need to be defenseless from thugs so when the cops get there we can get put in cool new body bags!
1490,@ComplexMag he asking for a body bags @PUSHA_T
1492,RT Hamosh84: This how the #Saudi is coming home from #Yemen in body bags. For what? #Saudi Kingdom ego? You're loo™?š?_ http://t.co/LJlKWGXgjY
1496,Hot Ladies Handbag Leather Shoulder Tote Satchel messenger Cross Body Bags Green http://t.co/c7XBjRhNbi #Handbags http://t.co/1dmoLajv1Z
1512,"Fairfax Co. investigating firefighter Khalil Abdul-Rasheed for Facebook post saying police shld be put in body bags

http://t.co/VpvskCIyro"
1516,Our mistakes come back in body bags: Leading in the VUCA world - How the Armed Forces do it | RAGHU https://t.co/vJFSlizmiI
1517,Womens Stylish Metal Chain Pearls Solid Hanbags Shoulder Cross Body Bags Golden http://t.co/oR0JZb9cFh http://t.co/6byul0ID4l
1528,Womens Flower Printed Shoulder Handbags Cross Body Metal Chain Satchel Bags Pink http://t.co/vBZqWzNxH7 http://t.co/NXIhHeP1Ea
1529,One of the top RT-ed tweets in #Japan is a screenshot of a young person claiming to not know the 70th anniversary of the Hiroshima bomb
1536,Hiroshima marks 70 years since bomb: The Japanese city of Hiroshima marks the 70th anniversary of the dropping... http://t.co/INRGS4z0AC
1539,@joanna_bomb @eventchase @MTV @MTVNews last year they won ATW and now they're multi platinum artists #WeNeedA5HVMAPerformance ????????????
1541,@peytonlaynec ohhh coming of age. I had a bomb teacher and we never did anything. For our final we went to salt grass and he bought us food
1542,My bestfriends are the bomb. ??
1548,RIP RT @AJENews: On Aug. 6 1945 at 8:16 AM Tokyo time the world™?š?™?s 1st atom bomb on Hiroshima http://t.co/6Q5CS9MCdW http://t.co/7OGFoQr0MG
1550,@joshrogin @slwsew379 @jimsciutto @NatSecCNN As suspected. Kerry and Barry got taken for a ride. Iran was making a bomb while talks went on.
1551,@jonathanshainin I think the bomb raises all sorts of great questions but this isn't one of them
1552,Why American censors supressed accounts of suffering in Nagasaki http://t.co/kZbeas50KE http://t.co/YQgpaSX3MG
1557,What if your hometown were hit by the Hiroshima atomic bomb? http://t.co/XuWN4McgYp #safemode
1563,@johncusack text: We Dropped The A-Bomb (1946)https://t.co/boJCX32qcZ ™?š?_
1564,Bruh this sex on the beach??is bomb as fuck yo
1565,Hansel and Gretel: The Witch Hunters.... Bomb ass movie. Yeh I kno Im late
1566,&lt;Kyodonews&gt; UPDATE1: Hiroshima marks 70th A-bomb anniv. amid fears of eroded pacifism http://t.co/VpGu8z1Lhb #followme #japan
1571,@MattieLBreaux u the bomb ????????????????
1578,My aunt just gave me this drink at the game and it's bomb???? I'll never tell what in it though shhhh??????? http://t.co/vsFS7zr1gI
1581,™?š?š?Tell Shinichi Kudo that I™?š?™?m giving him 3 minutes to enjoy it..™?š?™? -Moriya Teiji famous architect from The Time Bombed Skyscraper
1583,Photo bombed by a princess http://t.co/i4PthsuYQ9
1584,When you get a call back from the interview you thought you bombed &gt;&gt;&gt;
1586,At this hour 70 yrs ago one of the greatest acts of mass murder in world history occurred when #Hiroshima was bombed. http://t.co/2QJl5MfKzv
1589,70 years ago nowish America bombed #Hiroshima. Was it justified? All I can say is #noMOREHiroshimas #VJDay70 #FEPOW http://t.co/SYADSa6QeS
1592,#Hiroshima does not look like a bombed city. It looks as if a monster steamroller had passed over it and squashed it out of existence.
1598,6th July 1945 ...Hiroshima was bombed with nuclear weapon _bomb was named little boy&amp;carried in a plane called Enola Gay ...1/2
1606,@allenpeacock the deal is clear.Iran either agrees to the deal and abandons it program or gets bombed.it's a deal the right wing should love
1612,Picture of cute sleeping puppy photo bombed by the demon in the back. https://t.co/LprYzSTK4u
1616,@davej798 @JohnEJefferson remind me when SomaliaEritrea &amp; Nigeria were bombed by UK 28% of asylum applicants to UK 2014 were from S &amp; E
1620,#SitCTips if you do vlog you WILL get video-bombed.
1624,I BOMBED THE FAKE BOLT CHAT AND EVERYONE THOUGHT BOLT ENDED LMFAO
1629,Bombing of Hiroshima 1945. http://t.co/4UHq9jKCvq
1630,We dont really talk about the murder of the bombing campaigns in WWII because we won but murder it is. https://t.co/jsGwnY6kdJ
1635,#Hiroshima marks 70th anniversary of atomic bombing ( via NHK WORLD News) http://t.co/qGWoyNJLY8
1640,Japan to mark 70th anniversary of Hiroshima atomic bombing http://t.co/RUQPVtdBzT
1641,Just Happened in Asia: Japan marks 70th anniversary of Hiroshima atomic bombing http://t.co/E5dEmdScEh
1642,What it was like to survive the atomic bombing of Hiroshima http://t.co/0cvXS2E1Er
1651,70th Anniversary of Hiroshima bombing https://t.co/juwvomhGPd
1655,Japan marks the 70th anniversary of the atomic bombing of Hiroshima. http://t.co/YmKn1IwPvF http://t.co/mMmJ8Bo9y3
1656,'Japan Marks 70th Anniversary of Hiroshima Atomic Bombing' by THE ASSOCIATED PRESS via NYT http://t.co/kKULqGB9e3
1659,The 'sanitised narrative' of Hiroshima's atomic bombing. #Hiroshima70 #japan http://t.co/zsyj6sqYCn
1664,Japan marks 70th anniversary of Hiroshima atomic bombing: Bells tolled in Hiroshima on Thursday as Japan marke... http://t.co/IqAIRPdIhg
1667,Japan marks 70th anniversary of Hiroshima atomic bombing http://t.co/MLZxmGVuIh
1668,70 yrs since the atomic bombing of Hiroshima... Terrible mass murder...
1674,BREAKING NEWS: Australia collapse to a hapless 60 all out at Trent Bridge http://t.co/O2CFWDzZld
1678,"Project Syndicate: A Marshall Plan for the United States: 
http://t.co/lz8xmyi75x"
1680,New: Two giant cranes holding a bridge collapse into nearby homes http://t.co/ACirPv8Hn4
1681,@AkinwunmiAmbode Urgentthere is currently a 3 storey building at church B/stop Oworoshoki Third mainland bridge which likely to collapse
1682,"Throwback Thursday: More Thoughts About Citizen Media During Minneapolis Bridge Collapse Disaster - http://t.co/GudUDAZ4fx 
#TBT"
1685,Ashes 2015: Australia™?š?™?s collapse at Trent Bridge among worst in history: England bundled out Australia for 60 ... http://t.co/l5ULCx4mOm
1695,Two giant cranes holding a bridge collapse into nearby homes http://t.co/Mqm46H6G8b
1696,"Throwback Thursday: Minneapolis Bridge Collapse &amp; Citizen Journalism - http://t.co/bXV3vlMBBp 
#TBT http://t.co/iBmqVWrVyz"
